{
    "original_positions": {
        "10": [
            53.152, 
            491.0
        ], 
        "1": [
            277.21, 
            510.86
        ], 
        "3": [
            428.14, 
            36.0
        ], 
        "2": [
            242.7, 
            139.14
        ], 
        "5": [
            643.69, 
            391.02
        ], 
        "4": [
            489.83, 
            214.69
        ], 
        "7": [
            442.19, 
            398.31
        ], 
        "6": [
            481.94, 
            576.37
        ], 
        "9": [
            36.0, 
            271.66
        ], 
        "8": [
            224.65, 
            664.39
        ]
    }, 
    "feature": {
        "10": "sensor", 
        "1": "sensor", 
        "3": "none", 
        "2": "sensor", 
        "5": "sensor", 
        "4": "none", 
        "7": "none", 
        "6": "sensor", 
        "9": "none", 
        "8": "exit"
    }, 
    "pixel_positions": {
        "10": [
            78.200356044667416, 
            701.03799311811986
        ], 
        "1": [
            407.84769527284487, 
            729.39362355259209
        ], 
        "3": [
            629.904809545528, 
            51.399934322306144
        ], 
        "2": [
            357.0745486913151, 
            198.66074615571321
        ], 
        "5": [
            947.03467757359965, 
            558.28895329744853
        ], 
        "4": [
            720.66677455899003, 
            306.52921943488627
        ], 
        "7": [
            650.57599788138702, 
            568.69743999771549
        ], 
        "6": [
            709.05854139387066, 
            822.9272262596553
        ], 
        "9": [
            52.965322426400263, 
            387.86961549993578
        ], 
        "8": [
            330.51832453030056, 
            948.60006567769381
        ]
    }
}