{
    "original_positions": {
        "11": [
            264.71, 
            329.63
        ], 
        "10": [
            36.0, 
            420.05
        ], 
        "13": [
            136.33, 
            36.0
        ], 
        "12": [
            122.21, 
            216.49
        ], 
        "1": [
            90.631, 
            635.13
        ], 
        "3": [
            509.87, 
            590.67
        ], 
        "2": [
            305.78, 
            666.27
        ], 
        "5": [
            667.02, 
            206.71
        ], 
        "4": [
            580.8, 
            387.3
        ], 
        "7": [
            433.47, 
            241.92
        ], 
        "6": [
            498.18, 
            79.573
        ], 
        "9": [
            201.13, 
            509.13
        ], 
        "8": [
            304.96, 
            99.138
        ]
    }, 
    "feature": {
        "11": "none", 
        "10": "sensor", 
        "13": "exit", 
        "12": "sensor", 
        "1": "sensor", 
        "3": "sensor", 
        "2": "none", 
        "5": "sensor", 
        "4": "none", 
        "7": "sensor", 
        "6": "sensor", 
        "9": "sensor", 
        "8": "sensor"
    }, 
    "pixel_positions": {
        "11": [
            376.53267332366073, 
            469.37787460663276
        ], 
        "10": [
            51.207647008619951, 
            598.13177268002335
        ], 
        "13": [
            193.92051435236553, 
            51.262334999359219
        ], 
        "12": [
            173.83573724787345, 
            308.2717473336466
        ], 
        "1": [
            128.91667377883985, 
            904.395745226195
        ], 
        "3": [
            725.25674945236267, 
            841.08676150198642
        ], 
        "2": [
            434.95206395266132, 
            948.73766500064073
        ], 
        "5": [
            948.79235299137997, 
            294.34547965882069
        ], 
        "4": [
            826.15003840573513, 
            551.4972873681063
        ], 
        "7": [
            616.58274302295808, 
            344.48289119569392
        ], 
        "6": [
            708.62848852095249, 
            113.30827174733363
        ], 
        "9": [
            286.09427896788139, 
            724.97757272843774
        ], 
        "8": [
            433.7856675485761, 
            141.16792686573541
        ]
    }
}